<?xml version="1.0" encoding="UTF-8"?>
<project xmlns="http://maven.apache.org/POM/4.0.0" xmlns:xsi="http://www.w3.org/2001/XMLSchema-instance" xsi:schemaLocation="http://maven.apache.org/POM/4.0.0 http://maven.apache.org/maven-v4_0_0.xsd">
  <modelVersion>4.0.0</modelVersion>
  <groupId>com.carlosserrano</groupId>
  <artifactId>ProyectoJavaFX</artifactId>
  <name>Demo - JavaFX - JAXB - MYSQL - H2</name>
  <version>1.0-SNAPSHOT</version>
  <url>https://github.com/Developodo/JavaFX</url>
  <developers>
    <developer>
      <id>Developodo</id>
      <name>Developodo</name>
      <email>developodo@gmail.com</email>
    </developer>
  </developers>
  <build>
    <finalName>DemoJavaFX</finalName>
    <plugins>
      <plugin>
        <artifactId>maven-compiler-plugin</artifactId>
        <version>3.8.0</version>
        <configuration>
          <release>11</release>
        </configuration>
      </plugin>
      <plugin>
        <groupId>org.openjfx</groupId>
        <artifactId>javafx-maven-plugin</artifactId>
        <version>0.0.4</version>
        <configuration>
          <mainClass>com.carlosserrano.proyectojavafx.App</mainClass>
        </configuration>
      </plugin>
      <plugin>
        <artifactId>maven-shade-plugin</artifactId>
        <version>3.2.1</version>
        <executions>
          <execution>
            <phase>package</phase>
            <goals>
              <goal>shade</goal>
            </goals>
            <configuration>
              <transformers>
                <transformer>
                  <mainClass>${mainClass}</mainClass>
                </transformer>
              </transformers>
            </configuration>
          </execution>
        </executions>
      </plugin>
    </plugins>
  </build>
  <properties>
    <maven.compiler.target>11</maven.compiler.target>
    <mainClass>com.carlosserrano.proyectojavafx.Executable</mainClass>
    <maven.compiler.source>11</maven.compiler.source>
    <project.build.sourceEncoding>UTF-8</project.build.sourceEncoding>
    <project.build.finalName>JavaFX-Demo</project.build.finalName>
    <javafx.version>14</javafx.version>
  </properties>
</project>
